<?xml version="1.0" encoding="UTF-8"?>
<EmailTemplate xmlns="http://soap.sforce.com/2006/04/metadata">
    <available>true</available>
    <description>Change Complaint Assignment To Dealer GateKeeperNotification(US-CC-008)</description>
    <encodingKey>UTF-8</encodingKey>
    <name>Change Complaint Assignment To Dealer GateKeeper Notification</name>
    <style>none</style>
    <subject>Change Complaint Assignment To Dealer GateKeeper Notification</subject>
    <type>text</type>
</EmailTemplate>
